{
  "Total" : {
    "transaction" : "Total",
    "sampleCount" : 300,
    "errorCount" : 100,
    "errorPct" : 33.333332,
    "meanResTime" : 824.9899999999997,
    "medianResTime" : 933.5,
    "minResTime" : 266.0,
    "maxResTime" : 1884.0,
    "pct1ResTime" : 1238.9,
    "pct2ResTime" : 1267.75,
    "pct3ResTime" : 1386.7900000000002,
    "throughput" : 2.955868877656587,
    "receivedKBytesPerSec" : 113.0217647399328,
    "sentKBytesPerSec" : 0.7918880489294828
  },
  "get Request" : {
    "transaction" : "get Request",
    "sampleCount" : 100,
    "errorCount" : 0,
    "errorPct" : 0.0,
    "meanResTime" : 964.6000000000001,
    "medianResTime" : 933.5,
    "minResTime" : 833.0,
    "maxResTime" : 1263.0,
    "pct1ResTime" : 1100.9,
    "pct2ResTime" : 1236.6999999999998,
    "pct3ResTime" : 1262.77,
    "throughput" : 1.0069276623167391,
    "receivedKBytesPerSec" : 114.96301586162801,
    "sentKBytesPerSec" : 0.13766589133236667
  },
  "Request authentication" : {
    "transaction" : "Request authentication",
    "sampleCount" : 100,
    "errorCount" : 0,
    "errorPct" : 0.0,
    "meanResTime" : 1207.4199999999998,
    "medianResTime" : 1199.5,
    "minResTime" : 1074.0,
    "maxResTime" : 1884.0,
    "pct1ResTime" : 1277.9,
    "pct2ResTime" : 1322.9499999999996,
    "pct3ResTime" : 1879.3599999999976,
    "throughput" : 0.9984523987818881,
    "receivedKBytesPerSec" : 0.26521391842643904,
    "sentKBytesPerSec" : 0.2408376391593031
  },
  "Create booking" : {
    "transaction" : "Create booking",
    "sampleCount" : 100,
    "errorCount" : 100,
    "errorPct" : 100.0,
    "meanResTime" : 302.95,
    "medianResTime" : 307.0,
    "minResTime" : 266.0,
    "maxResTime" : 431.0,
    "pct1ResTime" : 328.30000000000007,
    "pct2ResTime" : 337.95,
    "pct3ResTime" : 430.5799999999998,
    "throughput" : 1.0135922723725155,
    "receivedKBytesPerSec" : 0.2751744645698821,
    "sentKBytesPerSec" : 0.43156858472111004
  }
}